<?xml version="1.0" encoding="UTF-8"?>
<beans xmlns="http://www.springframework.org/schema/beans"
	xmlns:xsi="http://www.w3.org/2001/XMLSchema-instance"
	xmlns:context="http://www.springframework.org/schema/context"
	xsi:schemaLocation="http://www.springframework.org/schema/beans 
    http://www.springframework.org/schema/beans/spring-beans.xsd 
    http://www.springframework.org/schema/context 
    http://www.springframework.org/schema/context/spring-context.xsd">

	<bean id="employee" class="com.model.Employee" >
		<constructor-arg value="100"></constructor-arg>
		<constructor-arg value="Sathis"></constructor-arg>
		<constructor-arg value="100000"></constructor-arg>
		<constructor-arg ref="address"></constructor-arg>
	</bean>
	
	<bean id="address" class="com.model.Address" >
		<constructor-arg value="12"></constructor-arg>
		<constructor-arg value="12B"></constructor-arg>
		<constructor-arg value="Nehru Street"></constructor-arg>
		<constructor-arg value="624544"></constructor-arg>		
	</bean>
	
	



</beans>