<?xml version='1.0'?>  
  
<hibernate-configuration>  
  
    <session-factory>  
        <property name="hbm2ddl.auto">update</property>  
        <property name="dialect">org.hibernate.dialect.MySQL5InnoDBDialect</property>  
        <property name="connection.url">jdbc:mysql://localhost:3306/demo1</property>  
        <property name="connection.username">root</property>  
        <property name="connection.password">Reset123</property>  
        <property name="connection.driver_class">com.mysql.cj.jdbc.Driver</property>      	
    	<mapping resource="employee.hbm.xml"/>
    </session-factory>  
  
</hibernate-configuration> 