<?xml version="1.0" encoding="UTF-8"?>
<beans xmlns="http://www.springframework.org/schema/beans"
	xmlns:xsi="http://www.w3.org/2001/XMLSchema-instance"
	xmlns:context="http://www.springframework.org/schema/context"
	xsi:schemaLocation="http://www.springframework.org/schema/beans 
    http://www.springframework.org/schema/beans/spring-beans.xsd 
    http://www.springframework.org/schema/context 
    http://www.springframework.org/schema/context/spring-context.xsd" default-lazy-init="true">

	<bean id="address" class="com.model.Address">
		<constructor-arg value="111"></constructor-arg>
		<constructor-arg value="18C"></constructor-arg>
		<constructor-arg value="Anna Nagar"></constructor-arg>
		<constructor-arg value="687232"></constructor-arg>
	</bean>

	<bean id="employee1" class="com.model.Employee" autowire="constructor">
	 	<constructor-arg value="132"></constructor-arg>
	 	<constructor-arg value="Sathis"></constructor-arg>
	 	<constructor-arg value="1000f"></constructor-arg>
		<constructor-arg ref="address"></constructor-arg>
	</bean>
	

</beans>