<?xml version="1.0" encoding="UTF-8"?>
<beans xmlns="http://www.springframework.org/schema/beans"
	xmlns:xsi="http://www.w3.org/2001/XMLSchema-instance"
	xmlns:context="http://www.springframework.org/schema/context"
	xsi:schemaLocation="http://www.springframework.org/schema/beans 
    http://www.springframework.org/schema/beans/spring-beans.xsd 
    http://www.springframework.org/schema/context 
    http://www.springframework.org/schema/context/spring-context.xsd">

	<bean id="addressduplicate" class="com.model.Address">
		<property name="addId" value="111"></property>
		<property name="doorNo" value="18C"></property>
		<property name="street" value="Anna Nagar"></property>
		<property name="pinCode" value="687232"></property>
	</bean>

	<bean id="employee1" class="com.model.Employee" autowire="byType">
		<property name="id" value="11"></property>
		<property name="name" value="Pawan"></property>
		<property name="salary" value="10000f"></property>
	</bean>

</beans>