<?xml version="1.0" encoding="UTF-8"?>
<beans xmlns="http://www.springframework.org/schema/beans"
	xmlns:xsi="http://www.w3.org/2001/XMLSchema-instance"
	xmlns:context="http://www.springframework.org/schema/context"
	xsi:schemaLocation="http://www.springframework.org/schema/beans 
    http://www.springframework.org/schema/beans/spring-beans.xsd 
    http://www.springframework.org/schema/context 
    http://www.springframework.org/schema/context/spring-context.xsd">

	<bean id="employee" class="com.model.Employee">
		<constructor-arg value="100"></constructor-arg>
		<constructor-arg value="Sathis"></constructor-arg>
		<constructor-arg value="100000"></constructor-arg>
	<constructor-arg>
	<list>
		<ref bean="address1"/>
		<ref bean="address2"/>
	</list>
	</constructor-arg>
		
	</bean>
	<bean id="address1" class="com.model.Address">
		<constructor-arg value="11"></constructor-arg>
		<constructor-arg value="11A"></constructor-arg>
		<constructor-arg value="Nehru Street"></constructor-arg>
		<constructor-arg value="61111"></constructor-arg>		
	</bean>
	<bean id="address2" class="com.model.Address">
		<constructor-arg value="2"></constructor-arg>
		<constructor-arg value="22B"></constructor-arg>
		<constructor-arg value="Anna Nagar"></constructor-arg>
		<constructor-arg value="62222"></constructor-arg>		
	</bean>

</beans>