<?xml version="1.0" encoding="UTF-8"?>
<beans xmlns="http://www.springframework.org/schema/beans"
	xmlns:xsi="http://www.w3.org/2001/XMLSchema-instance"
	xmlns:context="http://www.springframework.org/schema/context"
	xsi:schemaLocation="http://www.springframework.org/schema/beans 
    http://www.springframework.org/schema/beans/spring-beans.xsd 
    http://www.springframework.org/schema/context 
    http://www.springframework.org/schema/context/spring-context.xsd" default-lazy-init="true">

	<bean id="employee1" class="com.model.Employee" scope="singleton" >
		<constructor-arg value="100"></constructor-arg>
		<constructor-arg value="Sathis"></constructor-arg>
		<constructor-arg value="100000"></constructor-arg>
	</bean>
	<bean id="employee2" class="com.model.Employee" >
		<constructor-arg value="200"></constructor-arg>
		<constructor-arg value="Kiruba"></constructor-arg>
		<constructor-arg value="200000"></constructor-arg>
	</bean>
	<bean id="employee3" class="com.model.Employee" >
		<constructor-arg value="300"></constructor-arg>
		<constructor-arg value="Pawan"></constructor-arg>
		<constructor-arg value="300000"></constructor-arg>
	</bean>
	



</beans>