<?xml version="1.0" encoding="UTF-8"?>
<beans xmlns="http://www.springframework.org/schema/beans"
	xmlns:xsi="http://www.w3.org/2001/XMLSchema-instance"
	xmlns:context="http://www.springframework.org/schema/context"
	xsi:schemaLocation="http://www.springframework.org/schema/beans 
    http://www.springframework.org/schema/beans/spring-beans.xsd 
    http://www.springframework.org/schema/context 
    http://www.springframework.org/schema/context/spring-context.xsd"
	default-lazy-init="true">

	<bean id="employee" class="com.model.Employee">
		<property name="id" value="11"></property>
		<property name="name" value="Pawan"></property>
		<property name="salary" value="10000f"></property>
	</bean>

	<bean id="ds"
		class="org.springframework.jdbc.datasource.DriverManagerDataSource">
		<property name="driverClassName"
			value="com.mysql.cj.jdbc.Driver" />
		<property name="url"
			value="jdbc:mysql://localhost:3306/demo2" />
		<property name="username" value="root" />
		<property name="password" value="Reset123" />
	</bean>

	<bean id="jdbcTemplate"
		class="org.springframework.jdbc.core.JdbcTemplate">
		<property name="dataSource" ref="ds"></property>
	</bean>

	<bean id="edao" class="com.dao.EmployeeDao">
		<property name="jdbcTemplate" ref="jdbcTemplate"></property>
	</bean>

</beans>